TW6VNJSzsmNBbdtnkWbpSS6HVgcmVeyAmX,0.0012,08ea7eb702b144ea82433e44c5022ba46c2bddd1c1faf7130cdc526b1302561f
TLpDHUShKYHusotuma16BBvv6h2eFYApDu,0.0032,a043d64c30660bf058102bfe10008f08cbc6670097237b839fe1fa232790b1d2
TW6VNJSzsmNBbdtnkWbpSS6HVgcmVeyAmX,0.0012,fc8c9088683b4537a12c5ec512a9f898f943e756c2d9aec0d86aa944d48781cb
TLpDHUShKYHusotuma16BBvv6h2eFYApDu,0.0032,05122ee477a4ccb2e28a02bda63f15409941cebcdbd87e0d28cc9a282bfc48e3
TW6VNJSzsmNBbdtnkWbpSS6HVgcmVeyAmX,0.0012,31a1ec2a77122f264049e9f2d4e6570432c3d890868ac5d7917a59be9638ca96
TLpDHUShKYHusotuma16BBvv6h2eFYApDu,0.0032,cc6fa9b4878f65bfc1667dc8177e842cfe87505b70677a25f48b2c1007d79134
TW6VNJSzsmNBbdtnkWbpSS6HVgcmVeyAmX,0.0012,4ca8b5f25f1c1eab6a8501fe5e65c5d63edbea555ead770e73c6b77106cb3985
TLpDHUShKYHusotuma16BBvv6h2eFYApDu,0.0032,8ed0b1439bdd69093a20ec4930f7e3863e1fa20d592cf2bd5276f6c138e25d7f
TW6VNJSzsmNBbdtnkWbpSS6HVgcmVeyAmX,0.0012,046b727a68ac54844cb67e94efc1f96b2c98f9aa6dae8494b64ee41f4deff1cb
TLpDHUShKYHusotuma16BBvv6h2eFYApDu,0.0032,08411c77fc83f2df6b23088097d451088380f9e78cb6069266f0ded5e0601a1f
TW6VNJSzsmNBbdtnkWbpSS6HVgcmVeyAmX,0.0012,57c5ab6204dc400c6e71c8db3c11af5f91fb54c884fcc1768a290b4cb94f6edf
address,balance,txid
TW6VNJSzsmNBbdtnkWbpSS6HVgcmVeyAmX,263.15,975a6e39d585e1b88bfb05332bb07e9816f2c9a9c7939d9da8e7cda1ae55b433